    1   0.000000   10.0.0.203 → 10.0.0.204   ICMP 98 Echo (ping) request  id=0x001c, seq=781/3331, ttl=64
    2   0.000040   10.0.0.204 → 10.0.0.203   ICMP 98 Echo (ping) reply    id=0x001c, seq=781/3331, ttl=64 (request in 1)
    3   1.023981   10.0.0.203 → 10.0.0.204   ICMP 98 Echo (ping) request  id=0x001c, seq=782/3587, ttl=64
    4   1.024008   10.0.0.204 → 10.0.0.203   ICMP 98 Echo (ping) reply    id=0x001c, seq=782/3587, ttl=64 (request in 3)
    5   2.047875   10.0.0.203 → 10.0.0.204   ICMP 98 Echo (ping) request  id=0x001c, seq=783/3843, ttl=64
    6   2.047896   10.0.0.204 → 10.0.0.203   ICMP 98 Echo (ping) reply    id=0x001c, seq=783/3843, ttl=64 (request in 5)
    7   3.071982   10.0.0.203 → 10.0.0.204   ICMP 98 Echo (ping) request  id=0x001c, seq=784/4099, ttl=64
    8   3.072020   10.0.0.204 → 10.0.0.203   ICMP 98 Echo (ping) reply    id=0x001c, seq=784/4099, ttl=64 (request in 7)
    9   4.095998   10.0.0.203 → 10.0.0.204   ICMP 98 Echo (ping) request  id=0x001c, seq=785/4355, ttl=64
   10   4.096035   10.0.0.204 → 10.0.0.203   ICMP 98 Echo (ping) reply    id=0x001c, seq=785/4355, ttl=64 (request in 9)
   11   5.119994   10.0.0.203 → 10.0.0.204   ICMP 98 Echo (ping) request  id=0x001c, seq=786/4611, ttl=64
   12   5.120031   10.0.0.204 → 10.0.0.203   ICMP 98 Echo (ping) reply    id=0x001c, seq=786/4611, ttl=64 (request in 11)
   13   6.144009   10.0.0.203 → 10.0.0.204   ICMP 98 Echo (ping) request  id=0x001c, seq=787/4867, ttl=64
   14   6.144058   10.0.0.204 → 10.0.0.203   ICMP 98 Echo (ping) reply    id=0x001c, seq=787/4867, ttl=64 (request in 13)
   15   7.171909   10.0.0.203 → 10.0.0.204   ICMP 98 Echo (ping) request  id=0x001c, seq=788/5123, ttl=64
   16   7.171932   10.0.0.204 → 10.0.0.203   ICMP 98 Echo (ping) reply    id=0x001c, seq=788/5123, ttl=64 (request in 15)
   17   8.195974   10.0.0.203 → 10.0.0.204   ICMP 98 Echo (ping) request  id=0x001c, seq=789/5379, ttl=64
   18   8.196007   10.0.0.204 → 10.0.0.203   ICMP 98 Echo (ping) reply    id=0x001c, seq=789/5379, ttl=64 (request in 17)
   19   9.215937   10.0.0.203 → 10.0.0.204   ICMP 98 Echo (ping) request  id=0x001c, seq=790/5635, ttl=64
   20   9.215982   10.0.0.204 → 10.0.0.203   ICMP 98 Echo (ping) reply    id=0x001c, seq=790/5635, ttl=64 (request in 19)
   21  10.239949   10.0.0.203 → 10.0.0.204   ICMP 98 Echo (ping) request  id=0x001c, seq=791/5891, ttl=64
   22  10.240001   10.0.0.204 → 10.0.0.203   ICMP 98 Echo (ping) reply    id=0x001c, seq=791/5891, ttl=64 (request in 21)
   23  11.264006   10.0.0.203 → 10.0.0.204   ICMP 98 Echo (ping) request  id=0x001c, seq=792/6147, ttl=64
   24  11.264043   10.0.0.204 → 10.0.0.203   ICMP 98 Echo (ping) reply    id=0x001c, seq=792/6147, ttl=64 (request in 23)
   25  12.287985   10.0.0.203 → 10.0.0.204   ICMP 98 Echo (ping) request  id=0x001c, seq=793/6403, ttl=64
   26  12.288023   10.0.0.204 → 10.0.0.203   ICMP 98 Echo (ping) reply    id=0x001c, seq=793/6403, ttl=64 (request in 25)
   27  13.311951   10.0.0.203 → 10.0.0.204   ICMP 98 Echo (ping) request  id=0x001c, seq=794/6659, ttl=64
   28  13.311989   10.0.0.204 → 10.0.0.203   ICMP 98 Echo (ping) reply    id=0x001c, seq=794/6659, ttl=64 (request in 27)
   29  14.339984   10.0.0.203 → 10.0.0.204   ICMP 98 Echo (ping) request  id=0x001c, seq=795/6915, ttl=64
   30  14.340021   10.0.0.204 → 10.0.0.203   ICMP 98 Echo (ping) reply    id=0x001c, seq=795/6915, ttl=64 (request in 29)
   31  15.360001   10.0.0.203 → 10.0.0.204   ICMP 98 Echo (ping) request  id=0x001c, seq=796/7171, ttl=64
   32  15.360040   10.0.0.204 → 10.0.0.203   ICMP 98 Echo (ping) reply    id=0x001c, seq=796/7171, ttl=64 (request in 31)
   33  16.383913   10.0.0.203 → 10.0.0.204   ICMP 98 Echo (ping) request  id=0x001c, seq=797/7427, ttl=64
   34  16.383946   10.0.0.204 → 10.0.0.203   ICMP 98 Echo (ping) reply    id=0x001c, seq=797/7427, ttl=64 (request in 33)
   35  17.407993   10.0.0.203 → 10.0.0.204   ICMP 98 Echo (ping) request  id=0x001c, seq=798/7683, ttl=64
   36  17.408032   10.0.0.204 → 10.0.0.203   ICMP 98 Echo (ping) reply    id=0x001c, seq=798/7683, ttl=64 (request in 35)
   37  17.472217 16:f1:ce:4b:76:af → d2:56:06:79:2e:d7 ARP 42 Who has 10.0.0.203? Tell 10.0.0.204
   38  17.472463 d2:56:06:79:2e:d7 → 16:f1:ce:4b:76:af ARP 42 10.0.0.203 is at d2:56:06:79:2e:d7
   39  18.431950   10.0.0.203 → 10.0.0.204   ICMP 98 Echo (ping) request  id=0x001c, seq=799/7939, ttl=64
   40  18.432095   10.0.0.204 → 10.0.0.203   ICMP 98 Echo (ping) reply    id=0x001c, seq=799/7939, ttl=64 (request in 39)
   41  19.455877   10.0.0.203 → 10.0.0.204   ICMP 98 Echo (ping) request  id=0x001c, seq=800/8195, ttl=64
   42  19.455897   10.0.0.204 → 10.0.0.203   ICMP 98 Echo (ping) reply    id=0x001c, seq=800/8195, ttl=64 (request in 41)
   43  20.479951   10.0.0.203 → 10.0.0.204   ICMP 98 Echo (ping) request  id=0x001c, seq=801/8451, ttl=64
   44  20.480068   10.0.0.204 → 10.0.0.203   ICMP 98 Echo (ping) reply    id=0x001c, seq=801/8451, ttl=64 (request in 43)
   45  21.503993   10.0.0.203 → 10.0.0.204   ICMP 98 Echo (ping) request  id=0x001c, seq=802/8707, ttl=64
   46  21.504031   10.0.0.204 → 10.0.0.203   ICMP 98 Echo (ping) reply    id=0x001c, seq=802/8707, ttl=64 (request in 45)
   47  22.528010   10.0.0.203 → 10.0.0.204   ICMP 98 Echo (ping) request  id=0x001c, seq=803/8963, ttl=64
   48  22.528046   10.0.0.204 → 10.0.0.203   ICMP 98 Echo (ping) reply    id=0x001c, seq=803/8963, ttl=64 (request in 47)
   49  23.551970   10.0.0.203 → 10.0.0.204   ICMP 98 Echo (ping) request  id=0x001c, seq=804/9219, ttl=64
   50  23.552007   10.0.0.204 → 10.0.0.203   ICMP 98 Echo (ping) reply    id=0x001c, seq=804/9219, ttl=64 (request in 49)
   51  24.575947   10.0.0.203 → 10.0.0.204   ICMP 98 Echo (ping) request  id=0x001c, seq=805/9475, ttl=64
   52  24.575984   10.0.0.204 → 10.0.0.203   ICMP 98 Echo (ping) reply    id=0x001c, seq=805/9475, ttl=64 (request in 51)
   53  25.600001   10.0.0.203 → 10.0.0.204   ICMP 98 Echo (ping) request  id=0x001c, seq=806/9731, ttl=64
   54  25.600039   10.0.0.204 → 10.0.0.203   ICMP 98 Echo (ping) reply    id=0x001c, seq=806/9731, ttl=64 (request in 53)
   55  26.623921   10.0.0.203 → 10.0.0.204   ICMP 98 Echo (ping) request  id=0x001c, seq=807/9987, ttl=64
   56  26.623959   10.0.0.204 → 10.0.0.203   ICMP 98 Echo (ping) reply    id=0x001c, seq=807/9987, ttl=64 (request in 55)
   57  27.647977   10.0.0.203 → 10.0.0.204   ICMP 98 Echo (ping) request  id=0x001c, seq=808/10243, ttl=64
   58  27.648015   10.0.0.204 → 10.0.0.203   ICMP 98 Echo (ping) reply    id=0x001c, seq=808/10243, ttl=64 (request in 57)
   59  28.671972   10.0.0.203 → 10.0.0.204   ICMP 98 Echo (ping) request  id=0x001c, seq=809/10499, ttl=64
   60  28.672008   10.0.0.204 → 10.0.0.203   ICMP 98 Echo (ping) reply    id=0x001c, seq=809/10499, ttl=64 (request in 59)
   61  29.695975   10.0.0.203 → 10.0.0.204   ICMP 98 Echo (ping) request  id=0x001c, seq=810/10755, ttl=64
   62  29.696014   10.0.0.204 → 10.0.0.203   ICMP 98 Echo (ping) reply    id=0x001c, seq=810/10755, ttl=64 (request in 61)
   63  30.719987   10.0.0.203 → 10.0.0.204   ICMP 98 Echo (ping) request  id=0x001c, seq=811/11011, ttl=64
   64  30.720024   10.0.0.204 → 10.0.0.203   ICMP 98 Echo (ping) reply    id=0x001c, seq=811/11011, ttl=64 (request in 63)
   65  31.743991   10.0.0.203 → 10.0.0.204   ICMP 98 Echo (ping) request  id=0x001c, seq=812/11267, ttl=64
   66  31.744028   10.0.0.204 → 10.0.0.203   ICMP 98 Echo (ping) reply    id=0x001c, seq=812/11267, ttl=64 (request in 65)
   67  32.767991   10.0.0.203 → 10.0.0.204   ICMP 98 Echo (ping) request  id=0x001c, seq=813/11523, ttl=64
   68  32.768028   10.0.0.204 → 10.0.0.203   ICMP 98 Echo (ping) reply    id=0x001c, seq=813/11523, ttl=64 (request in 67)
   69  33.791992   10.0.0.203 → 10.0.0.204   ICMP 98 Echo (ping) request  id=0x001c, seq=814/11779, ttl=64
   70  33.792028   10.0.0.204 → 10.0.0.203   ICMP 98 Echo (ping) reply    id=0x001c, seq=814/11779, ttl=64 (request in 69)
   71  34.815991   10.0.0.203 → 10.0.0.204   ICMP 98 Echo (ping) request  id=0x001c, seq=815/12035, ttl=64
   72  34.816029   10.0.0.204 → 10.0.0.203   ICMP 98 Echo (ping) reply    id=0x001c, seq=815/12035, ttl=64 (request in 71)
   73  35.839882   10.0.0.203 → 10.0.0.204   ICMP 98 Echo (ping) request  id=0x001c, seq=816/12291, ttl=64
   74  35.839903   10.0.0.204 → 10.0.0.203   ICMP 98 Echo (ping) reply    id=0x001c, seq=816/12291, ttl=64 (request in 73)
   75  36.863987   10.0.0.203 → 10.0.0.204   ICMP 98 Echo (ping) request  id=0x001c, seq=817/12547, ttl=64
   76  36.864023   10.0.0.204 → 10.0.0.203   ICMP 98 Echo (ping) reply    id=0x001c, seq=817/12547, ttl=64 (request in 75)
   77  37.887981   10.0.0.203 → 10.0.0.204   ICMP 98 Echo (ping) request  id=0x001c, seq=818/12803, ttl=64
   78  37.888017   10.0.0.204 → 10.0.0.203   ICMP 98 Echo (ping) reply    id=0x001c, seq=818/12803, ttl=64 (request in 77)
   79  38.911995   10.0.0.203 → 10.0.0.204   ICMP 98 Echo (ping) request  id=0x001c, seq=819/13059, ttl=64
   80  38.912032   10.0.0.204 → 10.0.0.203   ICMP 98 Echo (ping) reply    id=0x001c, seq=819/13059, ttl=64 (request in 79)
   81  39.935989   10.0.0.203 → 10.0.0.204   ICMP 98 Echo (ping) request  id=0x001c, seq=820/13315, ttl=64
   82  39.936027   10.0.0.204 → 10.0.0.203   ICMP 98 Echo (ping) reply    id=0x001c, seq=820/13315, ttl=64 (request in 81)
   83  40.959992   10.0.0.203 → 10.0.0.204   ICMP 98 Echo (ping) request  id=0x001c, seq=821/13571, ttl=64
   84  40.960030   10.0.0.204 → 10.0.0.203   ICMP 98 Echo (ping) reply    id=0x001c, seq=821/13571, ttl=64 (request in 83)
   85  41.983884   10.0.0.203 → 10.0.0.204   ICMP 98 Echo (ping) request  id=0x001c, seq=822/13827, ttl=64
   86  41.983904   10.0.0.204 → 10.0.0.203   ICMP 98 Echo (ping) reply    id=0x001c, seq=822/13827, ttl=64 (request in 85)
   87  43.007995   10.0.0.203 → 10.0.0.204   ICMP 98 Echo (ping) request  id=0x001c, seq=823/14083, ttl=64
   88  43.008034   10.0.0.204 → 10.0.0.203   ICMP 98 Echo (ping) reply    id=0x001c, seq=823/14083, ttl=64 (request in 87)
   89  44.031973   10.0.0.203 → 10.0.0.204   ICMP 98 Echo (ping) request  id=0x001c, seq=824/14339, ttl=64
   90  44.032009   10.0.0.204 → 10.0.0.203   ICMP 98 Echo (ping) reply    id=0x001c, seq=824/14339, ttl=64 (request in 89)
   91  45.055996   10.0.0.203 → 10.0.0.204   ICMP 98 Echo (ping) request  id=0x001c, seq=825/14595, ttl=64
   92  45.056034   10.0.0.204 → 10.0.0.203   ICMP 98 Echo (ping) reply    id=0x001c, seq=825/14595, ttl=64 (request in 91)
   93  46.079885   10.0.0.203 → 10.0.0.204   ICMP 98 Echo (ping) request  id=0x001c, seq=826/14851, ttl=64
   94  46.079905   10.0.0.204 → 10.0.0.203   ICMP 98 Echo (ping) reply    id=0x001c, seq=826/14851, ttl=64 (request in 93)
   95  47.103989   10.0.0.203 → 10.0.0.204   ICMP 98 Echo (ping) request  id=0x001c, seq=827/15107, ttl=64
   96  47.104027   10.0.0.204 → 10.0.0.203   ICMP 98 Echo (ping) reply    id=0x001c, seq=827/15107, ttl=64 (request in 95)
   97  48.128003   10.0.0.203 → 10.0.0.204   ICMP 98 Echo (ping) request  id=0x001c, seq=828/15363, ttl=64
   98  48.128047   10.0.0.204 → 10.0.0.203   ICMP 98 Echo (ping) reply    id=0x001c, seq=828/15363, ttl=64 (request in 97)
   99  49.152004   10.0.0.203 → 10.0.0.204   ICMP 98 Echo (ping) request  id=0x001c, seq=829/15619, ttl=64
  100  49.152042   10.0.0.204 → 10.0.0.203   ICMP 98 Echo (ping) reply    id=0x001c, seq=829/15619, ttl=64 (request in 99)
  101  50.175986   10.0.0.203 → 10.0.0.204   ICMP 98 Echo (ping) request  id=0x001c, seq=830/15875, ttl=64
  102  50.176024   10.0.0.204 → 10.0.0.203   ICMP 98 Echo (ping) reply    id=0x001c, seq=830/15875, ttl=64 (request in 101)
  103  51.199990   10.0.0.203 → 10.0.0.204   ICMP 98 Echo (ping) request  id=0x001c, seq=831/16131, ttl=64
  104  51.200030   10.0.0.204 → 10.0.0.203   ICMP 98 Echo (ping) reply    id=0x001c, seq=831/16131, ttl=64 (request in 103)
  105  52.223987   10.0.0.203 → 10.0.0.204   ICMP 98 Echo (ping) request  id=0x001c, seq=832/16387, ttl=64
  106  52.224026   10.0.0.204 → 10.0.0.203   ICMP 98 Echo (ping) reply    id=0x001c, seq=832/16387, ttl=64 (request in 105)
  107  53.247986   10.0.0.203 → 10.0.0.204   ICMP 98 Echo (ping) request  id=0x001c, seq=833/16643, ttl=64
  108  53.248025   10.0.0.204 → 10.0.0.203   ICMP 98 Echo (ping) reply    id=0x001c, seq=833/16643, ttl=64 (request in 107)
  109  54.271987   10.0.0.203 → 10.0.0.204   ICMP 98 Echo (ping) request  id=0x001c, seq=834/16899, ttl=64
  110  54.272026   10.0.0.204 → 10.0.0.203   ICMP 98 Echo (ping) reply    id=0x001c, seq=834/16899, ttl=64 (request in 109)
  111  55.295990   10.0.0.203 → 10.0.0.204   ICMP 98 Echo (ping) request  id=0x001c, seq=835/17155, ttl=64
  112  55.296029   10.0.0.204 → 10.0.0.203   ICMP 98 Echo (ping) reply    id=0x001c, seq=835/17155, ttl=64 (request in 111)
  113  56.320003   10.0.0.203 → 10.0.0.204   ICMP 98 Echo (ping) request  id=0x001c, seq=836/17411, ttl=64
  114  56.320041   10.0.0.204 → 10.0.0.203   ICMP 98 Echo (ping) reply    id=0x001c, seq=836/17411, ttl=64 (request in 113)
  115  56.388169 16:f1:ce:4b:76:af → d2:56:06:79:2e:d7 ARP 42 Who has 10.0.0.203? Tell 10.0.0.204
  116  56.388229 d2:56:06:79:2e:d7 → 16:f1:ce:4b:76:af ARP 42 10.0.0.203 is at d2:56:06:79:2e:d7
  117  57.344045   10.0.0.203 → 10.0.0.204   ICMP 98 Echo (ping) request  id=0x001c, seq=837/17667, ttl=64
  118  57.344117   10.0.0.204 → 10.0.0.203   ICMP 98 Echo (ping) reply    id=0x001c, seq=837/17667, ttl=64 (request in 117)
  119  58.367991   10.0.0.203 → 10.0.0.204   ICMP 98 Echo (ping) request  id=0x001c, seq=838/17923, ttl=64
  120  58.368030   10.0.0.204 → 10.0.0.203   ICMP 98 Echo (ping) reply    id=0x001c, seq=838/17923, ttl=64 (request in 119)
  121  59.391989   10.0.0.203 → 10.0.0.204   ICMP 98 Echo (ping) request  id=0x001c, seq=839/18179, ttl=64
  122  59.392013   10.0.0.204 → 10.0.0.203   ICMP 98 Echo (ping) reply    id=0x001c, seq=839/18179, ttl=64 (request in 121)
  123  60.415988   10.0.0.203 → 10.0.0.204   ICMP 98 Echo (ping) request  id=0x001c, seq=840/18435, ttl=64
  124  60.416027   10.0.0.204 → 10.0.0.203   ICMP 98 Echo (ping) reply    id=0x001c, seq=840/18435, ttl=64 (request in 123)
  125  61.439979   10.0.0.203 → 10.0.0.204   ICMP 98 Echo (ping) request  id=0x001c, seq=841/18691, ttl=64
  126  61.440018   10.0.0.204 → 10.0.0.203   ICMP 98 Echo (ping) reply    id=0x001c, seq=841/18691, ttl=64 (request in 125)
  127  62.463987   10.0.0.203 → 10.0.0.204   ICMP 98 Echo (ping) request  id=0x001c, seq=842/18947, ttl=64
  128  62.464026   10.0.0.204 → 10.0.0.203   ICMP 98 Echo (ping) reply    id=0x001c, seq=842/18947, ttl=64 (request in 127)
  129  63.487992   10.0.0.203 → 10.0.0.204   ICMP 98 Echo (ping) request  id=0x001c, seq=843/19203, ttl=64
  130  63.488031   10.0.0.204 → 10.0.0.203   ICMP 98 Echo (ping) reply    id=0x001c, seq=843/19203, ttl=64 (request in 129)
  131  64.512012   10.0.0.203 → 10.0.0.204   ICMP 98 Echo (ping) request  id=0x001c, seq=844/19459, ttl=64
  132  64.512051   10.0.0.204 → 10.0.0.203   ICMP 98 Echo (ping) reply    id=0x001c, seq=844/19459, ttl=64 (request in 131)
  133  65.536022   10.0.0.203 → 10.0.0.204   ICMP 98 Echo (ping) request  id=0x001c, seq=845/19715, ttl=64
  134  65.536060   10.0.0.204 → 10.0.0.203   ICMP 98 Echo (ping) reply    id=0x001c, seq=845/19715, ttl=64 (request in 133)
  135  66.560161   10.0.0.203 → 10.0.0.204   ICMP 98 Echo (ping) request  id=0x001c, seq=846/19971, ttl=64
  136  66.560176   10.0.0.204 → 10.0.0.203   ICMP 98 Echo (ping) reply    id=0x001c, seq=846/19971, ttl=64 (request in 135)
  137  67.583986   10.0.0.203 → 10.0.0.204   ICMP 98 Echo (ping) request  id=0x001c, seq=847/20227, ttl=64
  138  67.584025   10.0.0.204 → 10.0.0.203   ICMP 98 Echo (ping) reply    id=0x001c, seq=847/20227, ttl=64 (request in 137)
  139  68.607987   10.0.0.203 → 10.0.0.204   ICMP 98 Echo (ping) request  id=0x001c, seq=848/20483, ttl=64
  140  68.608026   10.0.0.204 → 10.0.0.203   ICMP 98 Echo (ping) reply    id=0x001c, seq=848/20483, ttl=64 (request in 139)
  141  69.631987   10.0.0.203 → 10.0.0.204   ICMP 98 Echo (ping) request  id=0x001c, seq=849/20739, ttl=64
  142  69.632046   10.0.0.204 → 10.0.0.203   ICMP 98 Echo (ping) reply    id=0x001c, seq=849/20739, ttl=64 (request in 141)
  143  70.656040   10.0.0.203 → 10.0.0.204   ICMP 98 Echo (ping) request  id=0x001c, seq=850/20995, ttl=64
  144  70.656079   10.0.0.204 → 10.0.0.203   ICMP 98 Echo (ping) reply    id=0x001c, seq=850/20995, ttl=64 (request in 143)
  145  71.679984   10.0.0.203 → 10.0.0.204   ICMP 98 Echo (ping) request  id=0x001c, seq=851/21251, ttl=64
  146  71.680021   10.0.0.204 → 10.0.0.203   ICMP 98 Echo (ping) reply    id=0x001c, seq=851/21251, ttl=64 (request in 145)
  147  72.703988   10.0.0.203 → 10.0.0.204   ICMP 98 Echo (ping) request  id=0x001c, seq=852/21507, ttl=64
  148  72.704027   10.0.0.204 → 10.0.0.203   ICMP 98 Echo (ping) reply    id=0x001c, seq=852/21507, ttl=64 (request in 147)
  149  73.727995   10.0.0.203 → 10.0.0.204   ICMP 98 Echo (ping) request  id=0x001c, seq=853/21763, ttl=64
  150  73.728046   10.0.0.204 → 10.0.0.203   ICMP 98 Echo (ping) reply    id=0x001c, seq=853/21763, ttl=64 (request in 149)
  151  74.751986   10.0.0.203 → 10.0.0.204   ICMP 98 Echo (ping) request  id=0x001c, seq=854/22019, ttl=64
  152  74.752022   10.0.0.204 → 10.0.0.203   ICMP 98 Echo (ping) reply    id=0x001c, seq=854/22019, ttl=64 (request in 151)
  153  75.776010   10.0.0.203 → 10.0.0.204   ICMP 98 Echo (ping) request  id=0x001c, seq=855/22275, ttl=64
  154  75.776048   10.0.0.204 → 10.0.0.203   ICMP 98 Echo (ping) reply    id=0x001c, seq=855/22275, ttl=64 (request in 153)
  155  76.799985   10.0.0.203 → 10.0.0.204   ICMP 98 Echo (ping) request  id=0x001c, seq=856/22531, ttl=64
  156  76.800014   10.0.0.204 → 10.0.0.203   ICMP 98 Echo (ping) reply    id=0x001c, seq=856/22531, ttl=64 (request in 155)
  157  77.823983   10.0.0.203 → 10.0.0.204   ICMP 98 Echo (ping) request  id=0x001c, seq=857/22787, ttl=64
  158  77.824020   10.0.0.204 → 10.0.0.203   ICMP 98 Echo (ping) reply    id=0x001c, seq=857/22787, ttl=64 (request in 157)
  159  78.848000   10.0.0.203 → 10.0.0.204   ICMP 98 Echo (ping) request  id=0x001c, seq=858/23043, ttl=64
  160  78.848038   10.0.0.204 → 10.0.0.203   ICMP 98 Echo (ping) reply    id=0x001c, seq=858/23043, ttl=64 (request in 159)
  161  79.871989   10.0.0.203 → 10.0.0.204   ICMP 98 Echo (ping) request  id=0x001c, seq=859/23299, ttl=64
  162  79.872027   10.0.0.204 → 10.0.0.203   ICMP 98 Echo (ping) reply    id=0x001c, seq=859/23299, ttl=64 (request in 161)
  163  80.895992   10.0.0.203 → 10.0.0.204   ICMP 98 Echo (ping) request  id=0x001c, seq=860/23555, ttl=64
  164  80.896030   10.0.0.204 → 10.0.0.203   ICMP 98 Echo (ping) reply    id=0x001c, seq=860/23555, ttl=64 (request in 163)
  165  81.920004   10.0.0.203 → 10.0.0.204   ICMP 98 Echo (ping) request  id=0x001c, seq=861/23811, ttl=64
  166  81.920047   10.0.0.204 → 10.0.0.203   ICMP 98 Echo (ping) reply    id=0x001c, seq=861/23811, ttl=64 (request in 165)
  167  82.944000   10.0.0.203 → 10.0.0.204   ICMP 98 Echo (ping) request  id=0x001c, seq=862/24067, ttl=64
  168  82.944040   10.0.0.204 → 10.0.0.203   ICMP 98 Echo (ping) reply    id=0x001c, seq=862/24067, ttl=64 (request in 167)
  169  83.968082   10.0.0.203 → 10.0.0.204   ICMP 98 Echo (ping) request  id=0x001c, seq=863/24323, ttl=64
  170  83.968098   10.0.0.204 → 10.0.0.203   ICMP 98 Echo (ping) reply    id=0x001c, seq=863/24323, ttl=64 (request in 169)
  171  84.991989   10.0.0.203 → 10.0.0.204   ICMP 98 Echo (ping) request  id=0x001c, seq=864/24579, ttl=64
  172  84.992028   10.0.0.204 → 10.0.0.203   ICMP 98 Echo (ping) reply    id=0x001c, seq=864/24579, ttl=64 (request in 171)
  173  86.015989   10.0.0.203 → 10.0.0.204   ICMP 98 Echo (ping) request  id=0x001c, seq=865/24835, ttl=64
  174  86.016028   10.0.0.204 → 10.0.0.203   ICMP 98 Echo (ping) reply    id=0x001c, seq=865/24835, ttl=64 (request in 173)
  175  87.039981   10.0.0.203 → 10.0.0.204   ICMP 98 Echo (ping) request  id=0x001c, seq=866/25091, ttl=64
  176  87.040020   10.0.0.204 → 10.0.0.203   ICMP 98 Echo (ping) reply    id=0x001c, seq=866/25091, ttl=64 (request in 175)
  177  87.104010 16:f1:ce:4b:76:af → d2:56:06:79:2e:d7 ARP 42 Who has 10.0.0.203? Tell 10.0.0.204
  178  87.104103 d2:56:06:79:2e:d7 → 16:f1:ce:4b:76:af ARP 42 10.0.0.203 is at d2:56:06:79:2e:d7
  179  88.063991   10.0.0.203 → 10.0.0.204   ICMP 98 Echo (ping) request  id=0x001c, seq=867/25347, ttl=64
  180  88.064030   10.0.0.204 → 10.0.0.203   ICMP 98 Echo (ping) reply    id=0x001c, seq=867/25347, ttl=64 (request in 179)
  181  89.087997   10.0.0.203 → 10.0.0.204   ICMP 98 Echo (ping) request  id=0x001c, seq=868/25603, ttl=64
  182  89.088035   10.0.0.204 → 10.0.0.203   ICMP 98 Echo (ping) reply    id=0x001c, seq=868/25603, ttl=64 (request in 181)
  183  90.111878   10.0.0.203 → 10.0.0.204   ICMP 98 Echo (ping) request  id=0x001c, seq=869/25859, ttl=64
  184  90.111899   10.0.0.204 → 10.0.0.203   ICMP 98 Echo (ping) reply    id=0x001c, seq=869/25859, ttl=64 (request in 183)
  185  91.136017   10.0.0.203 → 10.0.0.204   ICMP 98 Echo (ping) request  id=0x001c, seq=870/26115, ttl=64
  186  91.136056   10.0.0.204 → 10.0.0.203   ICMP 98 Echo (ping) reply    id=0x001c, seq=870/26115, ttl=64 (request in 185)
  187  92.159980   10.0.0.203 → 10.0.0.204   ICMP 98 Echo (ping) request  id=0x001c, seq=871/26371, ttl=64
  188  92.160018   10.0.0.204 → 10.0.0.203   ICMP 98 Echo (ping) reply    id=0x001c, seq=871/26371, ttl=64 (request in 187)
  189  93.183987   10.0.0.203 → 10.0.0.204   ICMP 98 Echo (ping) request  id=0x001c, seq=872/26627, ttl=64
  190  93.184025   10.0.0.204 → 10.0.0.203   ICMP 98 Echo (ping) reply    id=0x001c, seq=872/26627, ttl=64 (request in 189)
  191  94.207988   10.0.0.203 → 10.0.0.204   ICMP 98 Echo (ping) request  id=0x001c, seq=873/26883, ttl=64
  192  94.208027   10.0.0.204 → 10.0.0.203   ICMP 98 Echo (ping) reply    id=0x001c, seq=873/26883, ttl=64 (request in 191)
  193  95.231988   10.0.0.203 → 10.0.0.204   ICMP 98 Echo (ping) request  id=0x001c, seq=874/27139, ttl=64
  194  95.232025   10.0.0.204 → 10.0.0.203   ICMP 98 Echo (ping) reply    id=0x001c, seq=874/27139, ttl=64 (request in 193)
  195  96.255995   10.0.0.203 → 10.0.0.204   ICMP 98 Echo (ping) request  id=0x001c, seq=875/27395, ttl=64
  196  96.256030   10.0.0.204 → 10.0.0.203   ICMP 98 Echo (ping) reply    id=0x001c, seq=875/27395, ttl=64 (request in 195)
  197  97.279993   10.0.0.203 → 10.0.0.204   ICMP 98 Echo (ping) request  id=0x001c, seq=876/27651, ttl=64
  198  97.280030   10.0.0.204 → 10.0.0.203   ICMP 98 Echo (ping) reply    id=0x001c, seq=876/27651, ttl=64 (request in 197)
  199  98.303988   10.0.0.203 → 10.0.0.204   ICMP 98 Echo (ping) request  id=0x001c, seq=877/27907, ttl=64
  200  98.304025   10.0.0.204 → 10.0.0.203   ICMP 98 Echo (ping) reply    id=0x001c, seq=877/27907, ttl=64 (request in 199)
  201  99.327998   10.0.0.203 → 10.0.0.204   ICMP 98 Echo (ping) request  id=0x001c, seq=878/28163, ttl=64
  202  99.328048   10.0.0.204 → 10.0.0.203   ICMP 98 Echo (ping) reply    id=0x001c, seq=878/28163, ttl=64 (request in 201)
  203 100.351977   10.0.0.203 → 10.0.0.204   ICMP 98 Echo (ping) request  id=0x001c, seq=879/28419, ttl=64
  204 100.352014   10.0.0.204 → 10.0.0.203   ICMP 98 Echo (ping) reply    id=0x001c, seq=879/28419, ttl=64 (request in 203)
  205 101.375965   10.0.0.203 → 10.0.0.204   ICMP 98 Echo (ping) request  id=0x001c, seq=880/28675, ttl=64
  206 101.376004   10.0.0.204 → 10.0.0.203   ICMP 98 Echo (ping) reply    id=0x001c, seq=880/28675, ttl=64 (request in 205)
  207 102.399982   10.0.0.203 → 10.0.0.204   ICMP 98 Echo (ping) request  id=0x001c, seq=881/28931, ttl=64
  208 102.400003   10.0.0.204 → 10.0.0.203   ICMP 98 Echo (ping) reply    id=0x001c, seq=881/28931, ttl=64 (request in 207)
  209 103.423986   10.0.0.203 → 10.0.0.204   ICMP 98 Echo (ping) request  id=0x001c, seq=882/29187, ttl=64
  210 103.424022   10.0.0.204 → 10.0.0.203   ICMP 98 Echo (ping) reply    id=0x001c, seq=882/29187, ttl=64 (request in 209)
  211 104.447992   10.0.0.203 → 10.0.0.204   ICMP 98 Echo (ping) request  id=0x001c, seq=883/29443, ttl=64
  212 104.448029   10.0.0.204 → 10.0.0.203   ICMP 98 Echo (ping) reply    id=0x001c, seq=883/29443, ttl=64 (request in 211)
  213 105.471986   10.0.0.203 → 10.0.0.204   ICMP 98 Echo (ping) request  id=0x001c, seq=884/29699, ttl=64
  214 105.472024   10.0.0.204 → 10.0.0.203   ICMP 98 Echo (ping) reply    id=0x001c, seq=884/29699, ttl=64 (request in 213)
  215 106.495987   10.0.0.203 → 10.0.0.204   ICMP 98 Echo (ping) request  id=0x001c, seq=885/29955, ttl=64
  216 106.496023   10.0.0.204 → 10.0.0.203   ICMP 98 Echo (ping) reply    id=0x001c, seq=885/29955, ttl=64 (request in 215)
  217 107.519990   10.0.0.203 → 10.0.0.204   ICMP 98 Echo (ping) request  id=0x001c, seq=886/30211, ttl=64
  218 107.520027   10.0.0.204 → 10.0.0.203   ICMP 98 Echo (ping) reply    id=0x001c, seq=886/30211, ttl=64 (request in 217)
  219 108.544002   10.0.0.203 → 10.0.0.204   ICMP 98 Echo (ping) request  id=0x001c, seq=887/30467, ttl=64
  220 108.544039   10.0.0.204 → 10.0.0.203   ICMP 98 Echo (ping) reply    id=0x001c, seq=887/30467, ttl=64 (request in 219)
  221 109.567994   10.0.0.203 → 10.0.0.204   ICMP 98 Echo (ping) request  id=0x001c, seq=888/30723, ttl=64
  222 109.568031   10.0.0.204 → 10.0.0.203   ICMP 98 Echo (ping) reply    id=0x001c, seq=888/30723, ttl=64 (request in 221)
  223 110.591992   10.0.0.203 → 10.0.0.204   ICMP 98 Echo (ping) request  id=0x001c, seq=889/30979, ttl=64
  224 110.592030   10.0.0.204 → 10.0.0.203   ICMP 98 Echo (ping) reply    id=0x001c, seq=889/30979, ttl=64 (request in 223)
  225 111.615997   10.0.0.203 → 10.0.0.204   ICMP 98 Echo (ping) request  id=0x001c, seq=890/31235, ttl=64
  226 111.616033   10.0.0.204 → 10.0.0.203   ICMP 98 Echo (ping) reply    id=0x001c, seq=890/31235, ttl=64 (request in 225)
  227 112.640000   10.0.0.203 → 10.0.0.204   ICMP 98 Echo (ping) request  id=0x001c, seq=891/31491, ttl=64
  228 112.640040   10.0.0.204 → 10.0.0.203   ICMP 98 Echo (ping) reply    id=0x001c, seq=891/31491, ttl=64 (request in 227)
  229 113.663998   10.0.0.203 → 10.0.0.204   ICMP 98 Echo (ping) request  id=0x001c, seq=892/31747, ttl=64
  230 113.664036   10.0.0.204 → 10.0.0.203   ICMP 98 Echo (ping) reply    id=0x001c, seq=892/31747, ttl=64 (request in 229)
  231 114.687984   10.0.0.203 → 10.0.0.204   ICMP 98 Echo (ping) request  id=0x001c, seq=893/32003, ttl=64
  232 114.688023   10.0.0.204 → 10.0.0.203   ICMP 98 Echo (ping) reply    id=0x001c, seq=893/32003, ttl=64 (request in 231)
  233 115.711985   10.0.0.203 → 10.0.0.204   ICMP 98 Echo (ping) request  id=0x001c, seq=894/32259, ttl=64
  234 115.712023   10.0.0.204 → 10.0.0.203   ICMP 98 Echo (ping) reply    id=0x001c, seq=894/32259, ttl=64 (request in 233)
  235 116.735987   10.0.0.203 → 10.0.0.204   ICMP 98 Echo (ping) request  id=0x001c, seq=895/32515, ttl=64
  236 116.736024   10.0.0.204 → 10.0.0.203   ICMP 98 Echo (ping) reply    id=0x001c, seq=895/32515, ttl=64 (request in 235)
  237 117.759992   10.0.0.203 → 10.0.0.204   ICMP 98 Echo (ping) request  id=0x001c, seq=896/32771, ttl=64
  238 117.760029   10.0.0.204 → 10.0.0.203   ICMP 98 Echo (ping) reply    id=0x001c, seq=896/32771, ttl=64 (request in 237)
  239 117.824215 16:f1:ce:4b:76:af → d2:56:06:79:2e:d7 ARP 42 Who has 10.0.0.203? Tell 10.0.0.204
  240 117.824458 d2:56:06:79:2e:d7 → 16:f1:ce:4b:76:af ARP 42 10.0.0.203 is at d2:56:06:79:2e:d7
  241 118.784007   10.0.0.203 → 10.0.0.204   ICMP 98 Echo (ping) request  id=0x001c, seq=897/33027, ttl=64
  242 118.784027   10.0.0.204 → 10.0.0.203   ICMP 98 Echo (ping) reply    id=0x001c, seq=897/33027, ttl=64 (request in 241)
  243 119.807989   10.0.0.203 → 10.0.0.204   ICMP 98 Echo (ping) request  id=0x001c, seq=898/33283, ttl=64
  244 119.808027   10.0.0.204 → 10.0.0.203   ICMP 98 Echo (ping) reply    id=0x001c, seq=898/33283, ttl=64 (request in 243)
  245 120.832081   10.0.0.203 → 10.0.0.204   ICMP 98 Echo (ping) request  id=0x001c, seq=899/33539, ttl=64
  246 120.832096   10.0.0.204 → 10.0.0.203   ICMP 98 Echo (ping) reply    id=0x001c, seq=899/33539, ttl=64 (request in 245)
  247 121.855989   10.0.0.203 → 10.0.0.204   ICMP 98 Echo (ping) request  id=0x001c, seq=900/33795, ttl=64
  248 121.856028   10.0.0.204 → 10.0.0.203   ICMP 98 Echo (ping) reply    id=0x001c, seq=900/33795, ttl=64 (request in 247)
  249 122.879997   10.0.0.203 → 10.0.0.204   ICMP 98 Echo (ping) request  id=0x001c, seq=901/34051, ttl=64
  250 122.880034   10.0.0.204 → 10.0.0.203   ICMP 98 Echo (ping) reply    id=0x001c, seq=901/34051, ttl=64 (request in 249)
  251 123.903964   10.0.0.203 → 10.0.0.204   ICMP 98 Echo (ping) request  id=0x001c, seq=902/34307, ttl=64
  252 123.904017   10.0.0.204 → 10.0.0.203   ICMP 98 Echo (ping) reply    id=0x001c, seq=902/34307, ttl=64 (request in 251)
  253 124.927996   10.0.0.203 → 10.0.0.204   ICMP 98 Echo (ping) request  id=0x001c, seq=903/34563, ttl=64
  254 124.928073   10.0.0.204 → 10.0.0.203   ICMP 98 Echo (ping) reply    id=0x001c, seq=903/34563, ttl=64 (request in 253)
  255 125.951983   10.0.0.203 → 10.0.0.204   ICMP 98 Echo (ping) request  id=0x001c, seq=904/34819, ttl=64
  256 125.952021   10.0.0.204 → 10.0.0.203   ICMP 98 Echo (ping) reply    id=0x001c, seq=904/34819, ttl=64 (request in 255)
  257 126.976004   10.0.0.203 → 10.0.0.204   ICMP 98 Echo (ping) request  id=0x001c, seq=905/35075, ttl=64
  258 126.976023   10.0.0.204 → 10.0.0.203   ICMP 98 Echo (ping) reply    id=0x001c, seq=905/35075, ttl=64 (request in 257)
  259 127.999975   10.0.0.203 → 10.0.0.204   ICMP 98 Echo (ping) request  id=0x001c, seq=906/35331, ttl=64
  260 128.000013   10.0.0.204 → 10.0.0.203   ICMP 98 Echo (ping) reply    id=0x001c, seq=906/35331, ttl=64 (request in 259)
  261 129.023994   10.0.0.203 → 10.0.0.204   ICMP 98 Echo (ping) request  id=0x001c, seq=907/35587, ttl=64
  262 129.024031   10.0.0.204 → 10.0.0.203   ICMP 98 Echo (ping) reply    id=0x001c, seq=907/35587, ttl=64 (request in 261)
  263 130.047984   10.0.0.203 → 10.0.0.204   ICMP 98 Echo (ping) request  id=0x001c, seq=908/35843, ttl=64
  264 130.048021   10.0.0.204 → 10.0.0.203   ICMP 98 Echo (ping) reply    id=0x001c, seq=908/35843, ttl=64 (request in 263)
  265 131.071991   10.0.0.203 → 10.0.0.204   ICMP 98 Echo (ping) request  id=0x001c, seq=909/36099, ttl=64
  266 131.072029   10.0.0.204 → 10.0.0.203   ICMP 98 Echo (ping) reply    id=0x001c, seq=909/36099, ttl=64 (request in 265)
  267 132.095997   10.0.0.203 → 10.0.0.204   ICMP 98 Echo (ping) request  id=0x001c, seq=910/36355, ttl=64
  268 132.096035   10.0.0.204 → 10.0.0.203   ICMP 98 Echo (ping) reply    id=0x001c, seq=910/36355, ttl=64 (request in 267)
  269 133.119981   10.0.0.203 → 10.0.0.204   ICMP 98 Echo (ping) request  id=0x001c, seq=911/36611, ttl=64
  270 133.120017   10.0.0.204 → 10.0.0.203   ICMP 98 Echo (ping) reply    id=0x001c, seq=911/36611, ttl=64 (request in 269)
  271 134.143886   10.0.0.203 → 10.0.0.204   ICMP 98 Echo (ping) request  id=0x001c, seq=912/36867, ttl=64
  272 134.143907   10.0.0.204 → 10.0.0.203   ICMP 98 Echo (ping) reply    id=0x001c, seq=912/36867, ttl=64 (request in 271)
  273 135.168050   10.0.0.203 → 10.0.0.204   ICMP 98 Echo (ping) request  id=0x001c, seq=913/37123, ttl=64
  274 135.168089   10.0.0.204 → 10.0.0.203   ICMP 98 Echo (ping) reply    id=0x001c, seq=913/37123, ttl=64 (request in 273)
  275 136.191914   10.0.0.203 → 10.0.0.204   ICMP 98 Echo (ping) request  id=0x001c, seq=914/37379, ttl=64
  276 136.191936   10.0.0.204 → 10.0.0.203   ICMP 98 Echo (ping) reply    id=0x001c, seq=914/37379, ttl=64 (request in 275)
  277 137.215984   10.0.0.203 → 10.0.0.204   ICMP 98 Echo (ping) request  id=0x001c, seq=915/37635, ttl=64
  278 137.216021   10.0.0.204 → 10.0.0.203   ICMP 98 Echo (ping) reply    id=0x001c, seq=915/37635, ttl=64 (request in 277)
  279 138.240030   10.0.0.203 → 10.0.0.204   ICMP 98 Echo (ping) request  id=0x001c, seq=916/37891, ttl=64
  280 138.240067   10.0.0.204 → 10.0.0.203   ICMP 98 Echo (ping) reply    id=0x001c, seq=916/37891, ttl=64 (request in 279)
  281 139.263996   10.0.0.203 → 10.0.0.204   ICMP 98 Echo (ping) request  id=0x001c, seq=917/38147, ttl=64
  282 139.264032   10.0.0.204 → 10.0.0.203   ICMP 98 Echo (ping) reply    id=0x001c, seq=917/38147, ttl=64 (request in 281)
  283 140.287985   10.0.0.203 → 10.0.0.204   ICMP 98 Echo (ping) request  id=0x001c, seq=918/38403, ttl=64
  284 140.288022   10.0.0.204 → 10.0.0.203   ICMP 98 Echo (ping) reply    id=0x001c, seq=918/38403, ttl=64 (request in 283)
  285 141.311984   10.0.0.203 → 10.0.0.204   ICMP 98 Echo (ping) request  id=0x001c, seq=919/38659, ttl=64
  286 141.312021   10.0.0.204 → 10.0.0.203   ICMP 98 Echo (ping) reply    id=0x001c, seq=919/38659, ttl=64 (request in 285)
  287 142.335995   10.0.0.203 → 10.0.0.204   ICMP 98 Echo (ping) request  id=0x001c, seq=920/38915, ttl=64
  288 142.336032   10.0.0.204 → 10.0.0.203   ICMP 98 Echo (ping) reply    id=0x001c, seq=920/38915, ttl=64 (request in 287)
  289 143.364132   10.0.0.203 → 10.0.0.204   ICMP 98 Echo (ping) request  id=0x001c, seq=921/39171, ttl=64
  290 143.364148   10.0.0.204 → 10.0.0.203   ICMP 98 Echo (ping) reply    id=0x001c, seq=921/39171, ttl=64 (request in 289)
  291 144.383991   10.0.0.203 → 10.0.0.204   ICMP 98 Echo (ping) request  id=0x001c, seq=922/39427, ttl=64
  292 144.384028   10.0.0.204 → 10.0.0.203   ICMP 98 Echo (ping) reply    id=0x001c, seq=922/39427, ttl=64 (request in 291)
  293 145.407973   10.0.0.203 → 10.0.0.204   ICMP 98 Echo (ping) request  id=0x001c, seq=923/39683, ttl=64
  294 145.408011   10.0.0.204 → 10.0.0.203   ICMP 98 Echo (ping) reply    id=0x001c, seq=923/39683, ttl=64 (request in 293)
  295 146.431990   10.0.0.203 → 10.0.0.204   ICMP 98 Echo (ping) request  id=0x001c, seq=924/39939, ttl=64
  296 146.432029   10.0.0.204 → 10.0.0.203   ICMP 98 Echo (ping) reply    id=0x001c, seq=924/39939, ttl=64 (request in 295)
  297 147.455990   10.0.0.203 → 10.0.0.204   ICMP 98 Echo (ping) request  id=0x001c, seq=925/40195, ttl=64
  298 147.456028   10.0.0.204 → 10.0.0.203   ICMP 98 Echo (ping) reply    id=0x001c, seq=925/40195, ttl=64 (request in 297)
  299 148.479992   10.0.0.203 → 10.0.0.204   ICMP 98 Echo (ping) request  id=0x001c, seq=926/40451, ttl=64
  300 148.480030   10.0.0.204 → 10.0.0.203   ICMP 98 Echo (ping) reply    id=0x001c, seq=926/40451, ttl=64 (request in 299)
  301 148.548103 16:f1:ce:4b:76:af → d2:56:06:79:2e:d7 ARP 42 Who has 10.0.0.203? Tell 10.0.0.204
  302 148.548169 d2:56:06:79:2e:d7 → 16:f1:ce:4b:76:af ARP 42 10.0.0.203 is at d2:56:06:79:2e:d7
  303 149.503986   10.0.0.203 → 10.0.0.204   ICMP 98 Echo (ping) request  id=0x001c, seq=927/40707, ttl=64
  304 149.504023   10.0.0.204 → 10.0.0.203   ICMP 98 Echo (ping) reply    id=0x001c, seq=927/40707, ttl=64 (request in 303)
  305 150.528030   10.0.0.203 → 10.0.0.204   ICMP 98 Echo (ping) request  id=0x001c, seq=928/40963, ttl=64
  306 150.528067   10.0.0.204 → 10.0.0.203   ICMP 98 Echo (ping) reply    id=0x001c, seq=928/40963, ttl=64 (request in 305)
  307 151.552022   10.0.0.203 → 10.0.0.204   ICMP 98 Echo (ping) request  id=0x001c, seq=929/41219, ttl=64
  308 151.552062   10.0.0.204 → 10.0.0.203   ICMP 98 Echo (ping) reply    id=0x001c, seq=929/41219, ttl=64 (request in 307)
  309 152.575996   10.0.0.203 → 10.0.0.204   ICMP 98 Echo (ping) request  id=0x001c, seq=930/41475, ttl=64
  310 152.576035   10.0.0.204 → 10.0.0.203   ICMP 98 Echo (ping) reply    id=0x001c, seq=930/41475, ttl=64 (request in 309)
  311 153.599985   10.0.0.203 → 10.0.0.204   ICMP 98 Echo (ping) request  id=0x001c, seq=931/41731, ttl=64
  312 153.600024   10.0.0.204 → 10.0.0.203   ICMP 98 Echo (ping) reply    id=0x001c, seq=931/41731, ttl=64 (request in 311)
  313 154.623985   10.0.0.203 → 10.0.0.204   ICMP 98 Echo (ping) request  id=0x001c, seq=932/41987, ttl=64
  314 154.624022   10.0.0.204 → 10.0.0.203   ICMP 98 Echo (ping) reply    id=0x001c, seq=932/41987, ttl=64 (request in 313)
  315 155.647991   10.0.0.203 → 10.0.0.204   ICMP 98 Echo (ping) request  id=0x001c, seq=933/42243, ttl=64
  316 155.648029   10.0.0.204 → 10.0.0.203   ICMP 98 Echo (ping) reply    id=0x001c, seq=933/42243, ttl=64 (request in 315)
  317 156.671998   10.0.0.203 → 10.0.0.204   ICMP 98 Echo (ping) request  id=0x001c, seq=934/42499, ttl=64
  318 156.672037   10.0.0.204 → 10.0.0.203   ICMP 98 Echo (ping) reply    id=0x001c, seq=934/42499, ttl=64 (request in 317)
  319 157.695992   10.0.0.203 → 10.0.0.204   ICMP 98 Echo (ping) request  id=0x001c, seq=935/42755, ttl=64
  320 157.696030   10.0.0.204 → 10.0.0.203   ICMP 98 Echo (ping) reply    id=0x001c, seq=935/42755, ttl=64 (request in 319)
  321 158.720012   10.0.0.203 → 10.0.0.204   ICMP 98 Echo (ping) request  id=0x001c, seq=936/43011, ttl=64
  322 158.720049   10.0.0.204 → 10.0.0.203   ICMP 98 Echo (ping) reply    id=0x001c, seq=936/43011, ttl=64 (request in 321)
  323 159.744000   10.0.0.203 → 10.0.0.204   ICMP 98 Echo (ping) request  id=0x001c, seq=937/43267, ttl=64
  324 159.744039   10.0.0.204 → 10.0.0.203   ICMP 98 Echo (ping) reply    id=0x001c, seq=937/43267, ttl=64 (request in 323)
  325 160.768050   10.0.0.203 → 10.0.0.204   ICMP 98 Echo (ping) request  id=0x001c, seq=938/43523, ttl=64
  326 160.768067   10.0.0.204 → 10.0.0.203   ICMP 98 Echo (ping) reply    id=0x001c, seq=938/43523, ttl=64 (request in 325)
  327 161.791937   10.0.0.203 → 10.0.0.204   ICMP 98 Echo (ping) request  id=0x001c, seq=939/43779, ttl=64
  328 161.791976   10.0.0.204 → 10.0.0.203   ICMP 98 Echo (ping) reply    id=0x001c, seq=939/43779, ttl=64 (request in 327)
  329 162.815981   10.0.0.203 → 10.0.0.204   ICMP 98 Echo (ping) request  id=0x001c, seq=940/44035, ttl=64
  330 162.816018   10.0.0.204 → 10.0.0.203   ICMP 98 Echo (ping) reply    id=0x001c, seq=940/44035, ttl=64 (request in 329)
  331 163.840038   10.0.0.203 → 10.0.0.204   ICMP 98 Echo (ping) request  id=0x001c, seq=941/44291, ttl=64
  332 163.840075   10.0.0.204 → 10.0.0.203   ICMP 98 Echo (ping) reply    id=0x001c, seq=941/44291, ttl=64 (request in 331)
  333 164.864003   10.0.0.203 → 10.0.0.204   ICMP 98 Echo (ping) request  id=0x001c, seq=942/44547, ttl=64
  334 164.864041   10.0.0.204 → 10.0.0.203   ICMP 98 Echo (ping) reply    id=0x001c, seq=942/44547, ttl=64 (request in 333)
  335 165.887982   10.0.0.203 → 10.0.0.204   ICMP 98 Echo (ping) request  id=0x001c, seq=943/44803, ttl=64
  336 165.888021   10.0.0.204 → 10.0.0.203   ICMP 98 Echo (ping) reply    id=0x001c, seq=943/44803, ttl=64 (request in 335)
  337 166.911867   10.0.0.203 → 10.0.0.204   ICMP 98 Echo (ping) request  id=0x001c, seq=944/45059, ttl=64
  338 166.911887   10.0.0.204 → 10.0.0.203   ICMP 98 Echo (ping) reply    id=0x001c, seq=944/45059, ttl=64 (request in 337)
  339 167.936005   10.0.0.203 → 10.0.0.204   ICMP 98 Echo (ping) request  id=0x001c, seq=945/45315, ttl=64
  340 167.936023   10.0.0.204 → 10.0.0.203   ICMP 98 Echo (ping) reply    id=0x001c, seq=945/45315, ttl=64 (request in 339)
  341 168.959993   10.0.0.203 → 10.0.0.204   ICMP 98 Echo (ping) request  id=0x001c, seq=946/45571, ttl=64
  342 168.960031   10.0.0.204 → 10.0.0.203   ICMP 98 Echo (ping) reply    id=0x001c, seq=946/45571, ttl=64 (request in 341)
  343 169.983931   10.0.0.203 → 10.0.0.204   ICMP 98 Echo (ping) request  id=0x001c, seq=947/45827, ttl=64
  344 169.983968   10.0.0.204 → 10.0.0.203   ICMP 98 Echo (ping) reply    id=0x001c, seq=947/45827, ttl=64 (request in 343)
  345 171.007986   10.0.0.203 → 10.0.0.204   ICMP 98 Echo (ping) request  id=0x001c, seq=948/46083, ttl=64
  346 171.008024   10.0.0.204 → 10.0.0.203   ICMP 98 Echo (ping) reply    id=0x001c, seq=948/46083, ttl=64 (request in 345)
  347 172.031918   10.0.0.203 → 10.0.0.204   ICMP 98 Echo (ping) request  id=0x001c, seq=949/46339, ttl=64
  348 172.031955   10.0.0.204 → 10.0.0.203   ICMP 98 Echo (ping) reply    id=0x001c, seq=949/46339, ttl=64 (request in 347)
  349 173.055984   10.0.0.203 → 10.0.0.204   ICMP 98 Echo (ping) request  id=0x001c, seq=950/46595, ttl=64
  350 173.056021   10.0.0.204 → 10.0.0.203   ICMP 98 Echo (ping) reply    id=0x001c, seq=950/46595, ttl=64 (request in 349)
  351 174.079983   10.0.0.203 → 10.0.0.204   ICMP 98 Echo (ping) request  id=0x001c, seq=951/46851, ttl=64
  352 174.080022   10.0.0.204 → 10.0.0.203   ICMP 98 Echo (ping) reply    id=0x001c, seq=951/46851, ttl=64 (request in 351)
  353 175.103985   10.0.0.203 → 10.0.0.204   ICMP 98 Echo (ping) request  id=0x001c, seq=952/47107, ttl=64
  354 175.104023   10.0.0.204 → 10.0.0.203   ICMP 98 Echo (ping) reply    id=0x001c, seq=952/47107, ttl=64 (request in 353)
  355 176.127992   10.0.0.203 → 10.0.0.204   ICMP 98 Echo (ping) request  id=0x001c, seq=953/47363, ttl=64
  356 176.128033   10.0.0.204 → 10.0.0.203   ICMP 98 Echo (ping) reply    id=0x001c, seq=953/47363, ttl=64 (request in 355)
  357 177.152005   10.0.0.203 → 10.0.0.204   ICMP 98 Echo (ping) request  id=0x001c, seq=954/47619, ttl=64
  358 177.152044   10.0.0.204 → 10.0.0.203   ICMP 98 Echo (ping) reply    id=0x001c, seq=954/47619, ttl=64 (request in 357)
  359 178.175873   10.0.0.203 → 10.0.0.204   ICMP 98 Echo (ping) request  id=0x001c, seq=955/47875, ttl=64
  360 178.175900   10.0.0.204 → 10.0.0.203   ICMP 98 Echo (ping) reply    id=0x001c, seq=955/47875, ttl=64 (request in 359)
  361 179.199942   10.0.0.203 → 10.0.0.204   ICMP 98 Echo (ping) request  id=0x001c, seq=956/48131, ttl=64
  362 179.199991   10.0.0.204 → 10.0.0.203   ICMP 98 Echo (ping) reply    id=0x001c, seq=956/48131, ttl=64 (request in 361)
  363 179.264006 16:f1:ce:4b:76:af → d2:56:06:79:2e:d7 ARP 42 Who has 10.0.0.203? Tell 10.0.0.204
  364 179.264090 d2:56:06:79:2e:d7 → 16:f1:ce:4b:76:af ARP 42 10.0.0.203 is at d2:56:06:79:2e:d7
  365 180.223994   10.0.0.203 → 10.0.0.204   ICMP 98 Echo (ping) request  id=0x001c, seq=957/48387, ttl=64
  366 180.224033   10.0.0.204 → 10.0.0.203   ICMP 98 Echo (ping) reply    id=0x001c, seq=957/48387, ttl=64 (request in 365)
  367 181.247984   10.0.0.203 → 10.0.0.204   ICMP 98 Echo (ping) request  id=0x001c, seq=958/48643, ttl=64
  368 181.248020   10.0.0.204 → 10.0.0.203   ICMP 98 Echo (ping) reply    id=0x001c, seq=958/48643, ttl=64 (request in 367)
  369 182.271996   10.0.0.203 → 10.0.0.204   ICMP 98 Echo (ping) request  id=0x001c, seq=959/48899, ttl=64
  370 182.272035   10.0.0.204 → 10.0.0.203   ICMP 98 Echo (ping) reply    id=0x001c, seq=959/48899, ttl=64 (request in 369)
  371 183.295997   10.0.0.203 → 10.0.0.204   ICMP 98 Echo (ping) request  id=0x001c, seq=960/49155, ttl=64
  372 183.296034   10.0.0.204 → 10.0.0.203   ICMP 98 Echo (ping) reply    id=0x001c, seq=960/49155, ttl=64 (request in 371)
  373 184.319986   10.0.0.203 → 10.0.0.204   ICMP 98 Echo (ping) request  id=0x001c, seq=961/49411, ttl=64
  374 184.320024   10.0.0.204 → 10.0.0.203   ICMP 98 Echo (ping) reply    id=0x001c, seq=961/49411, ttl=64 (request in 373)
  375 185.343993   10.0.0.203 → 10.0.0.204   ICMP 98 Echo (ping) request  id=0x001c, seq=962/49667, ttl=64
  376 185.344030   10.0.0.204 → 10.0.0.203   ICMP 98 Echo (ping) reply    id=0x001c, seq=962/49667, ttl=64 (request in 375)
  377 186.367916   10.0.0.203 → 10.0.0.204   ICMP 98 Echo (ping) request  id=0x001c, seq=963/49923, ttl=64
  378 186.367953   10.0.0.204 → 10.0.0.203   ICMP 98 Echo (ping) reply    id=0x001c, seq=963/49923, ttl=64 (request in 377)
  379 187.391982   10.0.0.203 → 10.0.0.204   ICMP 98 Echo (ping) request  id=0x001c, seq=964/50179, ttl=64
  380 187.392019   10.0.0.204 → 10.0.0.203   ICMP 98 Echo (ping) reply    id=0x001c, seq=964/50179, ttl=64 (request in 379)
  381 188.416001   10.0.0.203 → 10.0.0.204   ICMP 98 Echo (ping) request  id=0x001c, seq=965/50435, ttl=64
  382 188.416038   10.0.0.204 → 10.0.0.203   ICMP 98 Echo (ping) reply    id=0x001c, seq=965/50435, ttl=64 (request in 381)
  383 189.439990   10.0.0.203 → 10.0.0.204   ICMP 98 Echo (ping) request  id=0x001c, seq=966/50691, ttl=64
  384 189.440027   10.0.0.204 → 10.0.0.203   ICMP 98 Echo (ping) reply    id=0x001c, seq=966/50691, ttl=64 (request in 383)
  385 190.463998   10.0.0.203 → 10.0.0.204   ICMP 98 Echo (ping) request  id=0x001c, seq=967/50947, ttl=64
  386 190.464035   10.0.0.204 → 10.0.0.203   ICMP 98 Echo (ping) reply    id=0x001c, seq=967/50947, ttl=64 (request in 385)
  387 191.487995   10.0.0.203 → 10.0.0.204   ICMP 98 Echo (ping) request  id=0x001c, seq=968/51203, ttl=64
  388 191.488032   10.0.0.204 → 10.0.0.203   ICMP 98 Echo (ping) reply    id=0x001c, seq=968/51203, ttl=64 (request in 387)
  389 192.511985   10.0.0.203 → 10.0.0.204   ICMP 98 Echo (ping) request  id=0x001c, seq=969/51459, ttl=64
  390 192.512022   10.0.0.204 → 10.0.0.203   ICMP 98 Echo (ping) reply    id=0x001c, seq=969/51459, ttl=64 (request in 389)
  391 193.535981   10.0.0.203 → 10.0.0.204   ICMP 98 Echo (ping) request  id=0x001c, seq=970/51715, ttl=64
  392 193.536017   10.0.0.204 → 10.0.0.203   ICMP 98 Echo (ping) reply    id=0x001c, seq=970/51715, ttl=64 (request in 391)
  393 194.563863   10.0.0.203 → 10.0.0.204   ICMP 98 Echo (ping) request  id=0x001c, seq=971/51971, ttl=64
  394 194.563881   10.0.0.204 → 10.0.0.203   ICMP 98 Echo (ping) reply    id=0x001c, seq=971/51971, ttl=64 (request in 393)
  395 195.583991   10.0.0.203 → 10.0.0.204   ICMP 98 Echo (ping) request  id=0x001c, seq=972/52227, ttl=64
  396 195.584029   10.0.0.204 → 10.0.0.203   ICMP 98 Echo (ping) reply    id=0x001c, seq=972/52227, ttl=64 (request in 395)
  397 196.607985   10.0.0.203 → 10.0.0.204   ICMP 98 Echo (ping) request  id=0x001c, seq=973/52483, ttl=64
  398 196.608023   10.0.0.204 → 10.0.0.203   ICMP 98 Echo (ping) reply    id=0x001c, seq=973/52483, ttl=64 (request in 397)
  399 197.632006   10.0.0.203 → 10.0.0.204   ICMP 98 Echo (ping) request  id=0x001c, seq=974/52739, ttl=64
  400 197.632043   10.0.0.204 → 10.0.0.203   ICMP 98 Echo (ping) reply    id=0x001c, seq=974/52739, ttl=64 (request in 399)
  401 198.655978   10.0.0.203 → 10.0.0.204   ICMP 98 Echo (ping) request  id=0x001c, seq=975/52995, ttl=64
  402 198.656015   10.0.0.204 → 10.0.0.203   ICMP 98 Echo (ping) reply    id=0x001c, seq=975/52995, ttl=64 (request in 401)
  403 199.679987   10.0.0.203 → 10.0.0.204   ICMP 98 Echo (ping) request  id=0x001c, seq=976/53251, ttl=64
  404 199.680026   10.0.0.204 → 10.0.0.203   ICMP 98 Echo (ping) reply    id=0x001c, seq=976/53251, ttl=64 (request in 403)
  405 200.703990   10.0.0.203 → 10.0.0.204   ICMP 98 Echo (ping) request  id=0x001c, seq=977/53507, ttl=64
  406 200.704027   10.0.0.204 → 10.0.0.203   ICMP 98 Echo (ping) reply    id=0x001c, seq=977/53507, ttl=64 (request in 405)
  407 201.727991   10.0.0.203 → 10.0.0.204   ICMP 98 Echo (ping) request  id=0x001c, seq=978/53763, ttl=64
  408 201.728029   10.0.0.204 → 10.0.0.203   ICMP 98 Echo (ping) reply    id=0x001c, seq=978/53763, ttl=64 (request in 407)
  409 202.751993   10.0.0.203 → 10.0.0.204   ICMP 98 Echo (ping) request  id=0x001c, seq=979/54019, ttl=64
  410 202.752031   10.0.0.204 → 10.0.0.203   ICMP 98 Echo (ping) reply    id=0x001c, seq=979/54019, ttl=64 (request in 409)
  411 203.775987   10.0.0.203 → 10.0.0.204   ICMP 98 Echo (ping) request  id=0x001c, seq=980/54275, ttl=64
  412 203.776025   10.0.0.204 → 10.0.0.203   ICMP 98 Echo (ping) reply    id=0x001c, seq=980/54275, ttl=64 (request in 411)
  413 204.799921   10.0.0.203 → 10.0.0.204   ICMP 98 Echo (ping) request  id=0x001c, seq=981/54531, ttl=64
  414 204.799961   10.0.0.204 → 10.0.0.203   ICMP 98 Echo (ping) reply    id=0x001c, seq=981/54531, ttl=64 (request in 413)
  415 205.823932   10.0.0.203 → 10.0.0.204   ICMP 98 Echo (ping) request  id=0x001c, seq=982/54787, ttl=64
  416 205.823971   10.0.0.204 → 10.0.0.203   ICMP 98 Echo (ping) reply    id=0x001c, seq=982/54787, ttl=64 (request in 415)
  417 206.847996   10.0.0.203 → 10.0.0.204   ICMP 98 Echo (ping) request  id=0x001c, seq=983/55043, ttl=64
  418 206.848034   10.0.0.204 → 10.0.0.203   ICMP 98 Echo (ping) reply    id=0x001c, seq=983/55043, ttl=64 (request in 417)
  419 207.871998   10.0.0.203 → 10.0.0.204   ICMP 98 Echo (ping) request  id=0x001c, seq=984/55299, ttl=64
  420 207.872036   10.0.0.204 → 10.0.0.203   ICMP 98 Echo (ping) reply    id=0x001c, seq=984/55299, ttl=64 (request in 419)
  421 208.895989   10.0.0.203 → 10.0.0.204   ICMP 98 Echo (ping) request  id=0x001c, seq=985/55555, ttl=64
  422 208.896027   10.0.0.204 → 10.0.0.203   ICMP 98 Echo (ping) reply    id=0x001c, seq=985/55555, ttl=64 (request in 421)
  423 209.920001   10.0.0.203 → 10.0.0.204   ICMP 98 Echo (ping) request  id=0x001c, seq=986/55811, ttl=64
  424 209.920041   10.0.0.204 → 10.0.0.203   ICMP 98 Echo (ping) reply    id=0x001c, seq=986/55811, ttl=64 (request in 423)
  425 209.983951 16:f1:ce:4b:76:af → d2:56:06:79:2e:d7 ARP 42 Who has 10.0.0.203? Tell 10.0.0.204
  426 209.984013 d2:56:06:79:2e:d7 → 16:f1:ce:4b:76:af ARP 42 10.0.0.203 is at d2:56:06:79:2e:d7
  427 210.943887   10.0.0.203 → 10.0.0.204   ICMP 98 Echo (ping) request  id=0x001c, seq=987/56067, ttl=64
  428 210.943905   10.0.0.204 → 10.0.0.203   ICMP 98 Echo (ping) reply    id=0x001c, seq=987/56067, ttl=64 (request in 427)
  429 211.967953   10.0.0.203 → 10.0.0.204   ICMP 98 Echo (ping) request  id=0x001c, seq=988/56323, ttl=64
  430 211.967992   10.0.0.204 → 10.0.0.203   ICMP 98 Echo (ping) reply    id=0x001c, seq=988/56323, ttl=64 (request in 429)
  431 212.992000   10.0.0.203 → 10.0.0.204   ICMP 98 Echo (ping) request  id=0x001c, seq=989/56579, ttl=64
  432 212.992019   10.0.0.204 → 10.0.0.203   ICMP 98 Echo (ping) reply    id=0x001c, seq=989/56579, ttl=64 (request in 431)
  433 214.015994   10.0.0.203 → 10.0.0.204   ICMP 98 Echo (ping) request  id=0x001c, seq=990/56835, ttl=64
  434 214.016034   10.0.0.204 → 10.0.0.203   ICMP 98 Echo (ping) reply    id=0x001c, seq=990/56835, ttl=64 (request in 433)
  435 215.039987   10.0.0.203 → 10.0.0.204   ICMP 98 Echo (ping) request  id=0x001c, seq=991/57091, ttl=64
  436 215.040026   10.0.0.204 → 10.0.0.203   ICMP 98 Echo (ping) reply    id=0x001c, seq=991/57091, ttl=64 (request in 435)
  437 216.063990   10.0.0.203 → 10.0.0.204   ICMP 98 Echo (ping) request  id=0x001c, seq=992/57347, ttl=64
  438 216.064030   10.0.0.204 → 10.0.0.203   ICMP 98 Echo (ping) reply    id=0x001c, seq=992/57347, ttl=64 (request in 437)
  439 217.087997   10.0.0.203 → 10.0.0.204   ICMP 98 Echo (ping) request  id=0x001c, seq=993/57603, ttl=64
  440 217.088035   10.0.0.204 → 10.0.0.203   ICMP 98 Echo (ping) reply    id=0x001c, seq=993/57603, ttl=64 (request in 439)
  441 218.111989   10.0.0.203 → 10.0.0.204   ICMP 98 Echo (ping) request  id=0x001c, seq=994/57859, ttl=64
  442 218.112027   10.0.0.204 → 10.0.0.203   ICMP 98 Echo (ping) reply    id=0x001c, seq=994/57859, ttl=64 (request in 441)
  443 219.135990   10.0.0.203 → 10.0.0.204   ICMP 98 Echo (ping) request  id=0x001c, seq=995/58115, ttl=64
  444 219.136029   10.0.0.204 → 10.0.0.203   ICMP 98 Echo (ping) reply    id=0x001c, seq=995/58115, ttl=64 (request in 443)
  445 220.159962   10.0.0.203 → 10.0.0.204   ICMP 98 Echo (ping) request  id=0x001c, seq=996/58371, ttl=64
  446 220.160002   10.0.0.204 → 10.0.0.203   ICMP 98 Echo (ping) reply    id=0x001c, seq=996/58371, ttl=64 (request in 445)
  447 221.184001   10.0.0.203 → 10.0.0.204   ICMP 98 Echo (ping) request  id=0x001c, seq=997/58627, ttl=64
  448 221.184038   10.0.0.204 → 10.0.0.203   ICMP 98 Echo (ping) reply    id=0x001c, seq=997/58627, ttl=64 (request in 447)
  449 222.207914   10.0.0.203 → 10.0.0.204   ICMP 98 Echo (ping) request  id=0x001c, seq=998/58883, ttl=64
  450 222.207932   10.0.0.204 → 10.0.0.203   ICMP 98 Echo (ping) reply    id=0x001c, seq=998/58883, ttl=64 (request in 449)
  451 223.232003   10.0.0.203 → 10.0.0.204   ICMP 98 Echo (ping) request  id=0x001c, seq=999/59139, ttl=64
  452 223.232046   10.0.0.204 → 10.0.0.203   ICMP 98 Echo (ping) reply    id=0x001c, seq=999/59139, ttl=64 (request in 451)
  453 224.256048   10.0.0.203 → 10.0.0.204   ICMP 98 Echo (ping) request  id=0x001c, seq=1000/59395, ttl=64
  454 224.256065   10.0.0.204 → 10.0.0.203   ICMP 98 Echo (ping) reply    id=0x001c, seq=1000/59395, ttl=64 (request in 453)
  455 225.279935   10.0.0.203 → 10.0.0.204   ICMP 98 Echo (ping) request  id=0x001c, seq=1001/59651, ttl=64
  456 225.279971   10.0.0.204 → 10.0.0.203   ICMP 98 Echo (ping) reply    id=0x001c, seq=1001/59651, ttl=64 (request in 455)
  457 226.303980   10.0.0.203 → 10.0.0.204   ICMP 98 Echo (ping) request  id=0x001c, seq=1002/59907, ttl=64
  458 226.304015   10.0.0.204 → 10.0.0.203   ICMP 98 Echo (ping) reply    id=0x001c, seq=1002/59907, ttl=64 (request in 457)
  459 227.327993   10.0.0.203 → 10.0.0.204   ICMP 98 Echo (ping) request  id=0x001c, seq=1003/60163, ttl=64
  460 227.328030   10.0.0.204 → 10.0.0.203   ICMP 98 Echo (ping) reply    id=0x001c, seq=1003/60163, ttl=64 (request in 459)
  461 228.351981   10.0.0.203 → 10.0.0.204   ICMP 98 Echo (ping) request  id=0x001c, seq=1004/60419, ttl=64
  462 228.352018   10.0.0.204 → 10.0.0.203   ICMP 98 Echo (ping) reply    id=0x001c, seq=1004/60419, ttl=64 (request in 461)
  463 229.375991   10.0.0.203 → 10.0.0.204   ICMP 98 Echo (ping) request  id=0x001c, seq=1005/60675, ttl=64
  464 229.376029   10.0.0.204 → 10.0.0.203   ICMP 98 Echo (ping) reply    id=0x001c, seq=1005/60675, ttl=64 (request in 463)
  465 230.399976   10.0.0.203 → 10.0.0.204   ICMP 98 Echo (ping) request  id=0x001c, seq=1006/60931, ttl=64
  466 230.400014   10.0.0.204 → 10.0.0.203   ICMP 98 Echo (ping) reply    id=0x001c, seq=1006/60931, ttl=64 (request in 465)
  467 231.423979   10.0.0.203 → 10.0.0.204   ICMP 98 Echo (ping) request  id=0x001c, seq=1007/61187, ttl=64
  468 231.424015   10.0.0.204 → 10.0.0.203   ICMP 98 Echo (ping) reply    id=0x001c, seq=1007/61187, ttl=64 (request in 467)
  469 232.447986   10.0.0.203 → 10.0.0.204   ICMP 98 Echo (ping) request  id=0x001c, seq=1008/61443, ttl=64
  470 232.448022   10.0.0.204 → 10.0.0.203   ICMP 98 Echo (ping) reply    id=0x001c, seq=1008/61443, ttl=64 (request in 469)
  471 233.472000   10.0.0.203 → 10.0.0.204   ICMP 98 Echo (ping) request  id=0x001c, seq=1009/61699, ttl=64
  472 233.472038   10.0.0.204 → 10.0.0.203   ICMP 98 Echo (ping) reply    id=0x001c, seq=1009/61699, ttl=64 (request in 471)
  473 234.495994   10.0.0.203 → 10.0.0.204   ICMP 98 Echo (ping) request  id=0x001c, seq=1010/61955, ttl=64
  474 234.496032   10.0.0.204 → 10.0.0.203   ICMP 98 Echo (ping) reply    id=0x001c, seq=1010/61955, ttl=64 (request in 473)
  475 235.519991   10.0.0.203 → 10.0.0.204   ICMP 98 Echo (ping) request  id=0x001c, seq=1011/62211, ttl=64
  476 235.520031   10.0.0.204 → 10.0.0.203   ICMP 98 Echo (ping) reply    id=0x001c, seq=1011/62211, ttl=64 (request in 475)
  477 236.543989   10.0.0.203 → 10.0.0.204   ICMP 98 Echo (ping) request  id=0x001c, seq=1012/62467, ttl=64
  478 236.544026   10.0.0.204 → 10.0.0.203   ICMP 98 Echo (ping) reply    id=0x001c, seq=1012/62467, ttl=64 (request in 477)
  479 237.567997   10.0.0.203 → 10.0.0.204   ICMP 98 Echo (ping) request  id=0x001c, seq=1013/62723, ttl=64
  480 237.568035   10.0.0.204 → 10.0.0.203   ICMP 98 Echo (ping) reply    id=0x001c, seq=1013/62723, ttl=64 (request in 479)
  481 238.591985   10.0.0.203 → 10.0.0.204   ICMP 98 Echo (ping) request  id=0x001c, seq=1014/62979, ttl=64
  482 238.592022   10.0.0.204 → 10.0.0.203   ICMP 98 Echo (ping) reply    id=0x001c, seq=1014/62979, ttl=64 (request in 481)
  483 239.615987   10.0.0.203 → 10.0.0.204   ICMP 98 Echo (ping) request  id=0x001c, seq=1015/63235, ttl=64
  484 239.616025   10.0.0.204 → 10.0.0.203   ICMP 98 Echo (ping) reply    id=0x001c, seq=1015/63235, ttl=64 (request in 483)
  485 240.639987   10.0.0.203 → 10.0.0.204   ICMP 98 Echo (ping) request  id=0x001c, seq=1016/63491, ttl=64
  486 240.640025   10.0.0.204 → 10.0.0.203   ICMP 98 Echo (ping) reply    id=0x001c, seq=1016/63491, ttl=64 (request in 485)
  487 240.704156 16:f1:ce:4b:76:af → d2:56:06:79:2e:d7 ARP 42 Who has 10.0.0.203? Tell 10.0.0.204
  488 240.704220 d2:56:06:79:2e:d7 → 16:f1:ce:4b:76:af ARP 42 10.0.0.203 is at d2:56:06:79:2e:d7
  489 241.663986   10.0.0.203 → 10.0.0.204   ICMP 98 Echo (ping) request  id=0x001c, seq=1017/63747, ttl=64
  490 241.664025   10.0.0.204 → 10.0.0.203   ICMP 98 Echo (ping) reply    id=0x001c, seq=1017/63747, ttl=64 (request in 489)
  491 242.687983   10.0.0.203 → 10.0.0.204   ICMP 98 Echo (ping) request  id=0x001c, seq=1018/64003, ttl=64
  492 242.688022   10.0.0.204 → 10.0.0.203   ICMP 98 Echo (ping) reply    id=0x001c, seq=1018/64003, ttl=64 (request in 491)
  493 243.711994   10.0.0.203 → 10.0.0.204   ICMP 98 Echo (ping) request  id=0x001c, seq=1019/64259, ttl=64
  494 243.712033   10.0.0.204 → 10.0.0.203   ICMP 98 Echo (ping) reply    id=0x001c, seq=1019/64259, ttl=64 (request in 493)
  495 244.735993   10.0.0.203 → 10.0.0.204   ICMP 98 Echo (ping) request  id=0x001c, seq=1020/64515, ttl=64
  496 244.736031   10.0.0.204 → 10.0.0.203   ICMP 98 Echo (ping) reply    id=0x001c, seq=1020/64515, ttl=64 (request in 495)
  497 245.759989   10.0.0.203 → 10.0.0.204   ICMP 98 Echo (ping) request  id=0x001c, seq=1021/64771, ttl=64
  498 245.760025   10.0.0.204 → 10.0.0.203   ICMP 98 Echo (ping) reply    id=0x001c, seq=1021/64771, ttl=64 (request in 497)
  499 246.783987   10.0.0.203 → 10.0.0.204   ICMP 98 Echo (ping) request  id=0x001c, seq=1022/65027, ttl=64
  500 246.784024   10.0.0.204 → 10.0.0.203   ICMP 98 Echo (ping) reply    id=0x001c, seq=1022/65027, ttl=64 (request in 499)
  501 247.807987   10.0.0.203 → 10.0.0.204   ICMP 98 Echo (ping) request  id=0x001c, seq=1023/65283, ttl=64
  502 247.808024   10.0.0.204 → 10.0.0.203   ICMP 98 Echo (ping) reply    id=0x001c, seq=1023/65283, ttl=64 (request in 501)
  503 248.831987   10.0.0.203 → 10.0.0.204   ICMP 98 Echo (ping) request  id=0x001c, seq=1024/4, ttl=64
  504 248.832026   10.0.0.204 → 10.0.0.203   ICMP 98 Echo (ping) reply    id=0x001c, seq=1024/4, ttl=64 (request in 503)
  505 249.856007   10.0.0.203 → 10.0.0.204   ICMP 98 Echo (ping) request  id=0x001c, seq=1025/260, ttl=64
  506 249.856045   10.0.0.204 → 10.0.0.203   ICMP 98 Echo (ping) reply    id=0x001c, seq=1025/260, ttl=64 (request in 505)
  507 250.880005   10.0.0.203 → 10.0.0.204   ICMP 98 Echo (ping) request  id=0x001c, seq=1026/516, ttl=64
  508 250.880045   10.0.0.204 → 10.0.0.203   ICMP 98 Echo (ping) reply    id=0x001c, seq=1026/516, ttl=64 (request in 507)
  509 251.903978   10.0.0.203 → 10.0.0.204   ICMP 98 Echo (ping) request  id=0x001c, seq=1027/772, ttl=64
  510 251.904010   10.0.0.204 → 10.0.0.203   ICMP 98 Echo (ping) reply    id=0x001c, seq=1027/772, ttl=64 (request in 509)
  511 252.927982   10.0.0.203 → 10.0.0.204   ICMP 98 Echo (ping) request  id=0x001c, seq=1028/1028, ttl=64
  512 252.928020   10.0.0.204 → 10.0.0.203   ICMP 98 Echo (ping) reply    id=0x001c, seq=1028/1028, ttl=64 (request in 511)
  513 253.952025   10.0.0.203 → 10.0.0.204   ICMP 98 Echo (ping) request  id=0x001c, seq=1029/1284, ttl=64
  514 253.952063   10.0.0.204 → 10.0.0.203   ICMP 98 Echo (ping) reply    id=0x001c, seq=1029/1284, ttl=64 (request in 513)
  515 254.979886   10.0.0.203 → 10.0.0.204   ICMP 98 Echo (ping) request  id=0x001c, seq=1030/1540, ttl=64
  516 254.979906   10.0.0.204 → 10.0.0.203   ICMP 98 Echo (ping) reply    id=0x001c, seq=1030/1540, ttl=64 (request in 515)
  517 256.000001   10.0.0.203 → 10.0.0.204   ICMP 98 Echo (ping) request  id=0x001c, seq=1031/1796, ttl=64
  518 256.000041   10.0.0.204 → 10.0.0.203   ICMP 98 Echo (ping) reply    id=0x001c, seq=1031/1796, ttl=64 (request in 517)
  519 257.023993   10.0.0.203 → 10.0.0.204   ICMP 98 Echo (ping) request  id=0x001c, seq=1032/2052, ttl=64
  520 257.024031   10.0.0.204 → 10.0.0.203   ICMP 98 Echo (ping) reply    id=0x001c, seq=1032/2052, ttl=64 (request in 519)
  521 258.047989   10.0.0.203 → 10.0.0.204   ICMP 98 Echo (ping) request  id=0x001c, seq=1033/2308, ttl=64
  522 258.048026   10.0.0.204 → 10.0.0.203   ICMP 98 Echo (ping) reply    id=0x001c, seq=1033/2308, ttl=64 (request in 521)
  523 259.071993   10.0.0.203 → 10.0.0.204   ICMP 98 Echo (ping) request  id=0x001c, seq=1034/2564, ttl=64
  524 259.072030   10.0.0.204 → 10.0.0.203   ICMP 98 Echo (ping) reply    id=0x001c, seq=1034/2564, ttl=64 (request in 523)
  525 260.095986   10.0.0.203 → 10.0.0.204   ICMP 98 Echo (ping) request  id=0x001c, seq=1035/2820, ttl=64
  526 260.096022   10.0.0.204 → 10.0.0.203   ICMP 98 Echo (ping) reply    id=0x001c, seq=1035/2820, ttl=64 (request in 525)
  527 261.120005   10.0.0.203 → 10.0.0.204   ICMP 98 Echo (ping) request  id=0x001c, seq=1036/3076, ttl=64
  528 261.120041   10.0.0.204 → 10.0.0.203   ICMP 98 Echo (ping) reply    id=0x001c, seq=1036/3076, ttl=64 (request in 527)
  529 262.143987   10.0.0.203 → 10.0.0.204   ICMP 98 Echo (ping) request  id=0x001c, seq=1037/3332, ttl=64
  530 262.144024   10.0.0.204 → 10.0.0.203   ICMP 98 Echo (ping) reply    id=0x001c, seq=1037/3332, ttl=64 (request in 529)
  531 263.168015   10.0.0.203 → 10.0.0.204   ICMP 98 Echo (ping) request  id=0x001c, seq=1038/3588, ttl=64
  532 263.168058   10.0.0.204 → 10.0.0.203   ICMP 98 Echo (ping) reply    id=0x001c, seq=1038/3588, ttl=64 (request in 531)
  533 264.191995   10.0.0.203 → 10.0.0.204   ICMP 98 Echo (ping) request  id=0x001c, seq=1039/3844, ttl=64
  534 264.192032   10.0.0.204 → 10.0.0.203   ICMP 98 Echo (ping) reply    id=0x001c, seq=1039/3844, ttl=64 (request in 533)
  535 265.216001   10.0.0.203 → 10.0.0.204   ICMP 98 Echo (ping) request  id=0x001c, seq=1040/4100, ttl=64
  536 265.216039   10.0.0.204 → 10.0.0.203   ICMP 98 Echo (ping) reply    id=0x001c, seq=1040/4100, ttl=64 (request in 535)
  537 266.243857   10.0.0.203 → 10.0.0.204   ICMP 98 Echo (ping) request  id=0x001c, seq=1041/4356, ttl=64
  538 266.243870   10.0.0.204 → 10.0.0.203   ICMP 98 Echo (ping) reply    id=0x001c, seq=1041/4356, ttl=64 (request in 537)
  539 267.263992   10.0.0.203 → 10.0.0.204   ICMP 98 Echo (ping) request  id=0x001c, seq=1042/4612, ttl=64
  540 267.264030   10.0.0.204 → 10.0.0.203   ICMP 98 Echo (ping) reply    id=0x001c, seq=1042/4612, ttl=64 (request in 539)
  541 268.287999   10.0.0.203 → 10.0.0.204   ICMP 98 Echo (ping) request  id=0x001c, seq=1043/4868, ttl=64
  542 268.288036   10.0.0.204 → 10.0.0.203   ICMP 98 Echo (ping) reply    id=0x001c, seq=1043/4868, ttl=64 (request in 541)
  543 269.311990   10.0.0.203 → 10.0.0.204   ICMP 98 Echo (ping) request  id=0x001c, seq=1044/5124, ttl=64
  544 269.312027   10.0.0.204 → 10.0.0.203   ICMP 98 Echo (ping) reply    id=0x001c, seq=1044/5124, ttl=64 (request in 543)
  545 270.339942   10.0.0.203 → 10.0.0.204   ICMP 98 Echo (ping) request  id=0x001c, seq=1045/5380, ttl=64
  546 270.339993   10.0.0.204 → 10.0.0.203   ICMP 98 Echo (ping) reply    id=0x001c, seq=1045/5380, ttl=64 (request in 545)
  547 271.359993   10.0.0.203 → 10.0.0.204   ICMP 98 Echo (ping) request  id=0x001c, seq=1046/5636, ttl=64
  548 271.360029   10.0.0.204 → 10.0.0.203   ICMP 98 Echo (ping) reply    id=0x001c, seq=1046/5636, ttl=64 (request in 547)
  549 271.427998 16:f1:ce:4b:76:af → d2:56:06:79:2e:d7 ARP 42 Who has 10.0.0.203? Tell 10.0.0.204
  550 271.428058 d2:56:06:79:2e:d7 → 16:f1:ce:4b:76:af ARP 42 10.0.0.203 is at d2:56:06:79:2e:d7
  551 272.384010   10.0.0.203 → 10.0.0.204   ICMP 98 Echo (ping) request  id=0x001c, seq=1047/5892, ttl=64
  552 272.384029   10.0.0.204 → 10.0.0.203   ICMP 98 Echo (ping) reply    id=0x001c, seq=1047/5892, ttl=64 (request in 551)
  553 273.407993   10.0.0.203 → 10.0.0.204   ICMP 98 Echo (ping) request  id=0x001c, seq=1048/6148, ttl=64
  554 273.408031   10.0.0.204 → 10.0.0.203   ICMP 98 Echo (ping) reply    id=0x001c, seq=1048/6148, ttl=64 (request in 553)
  555 274.431972   10.0.0.203 → 10.0.0.204   ICMP 98 Echo (ping) request  id=0x001c, seq=1049/6404, ttl=64
  556 274.432022   10.0.0.204 → 10.0.0.203   ICMP 98 Echo (ping) reply    id=0x001c, seq=1049/6404, ttl=64 (request in 555)
  557 275.455992   10.0.0.203 → 10.0.0.204   ICMP 98 Echo (ping) request  id=0x001c, seq=1050/6660, ttl=64
  558 275.456031   10.0.0.204 → 10.0.0.203   ICMP 98 Echo (ping) reply    id=0x001c, seq=1050/6660, ttl=64 (request in 557)
  559 276.479983   10.0.0.203 → 10.0.0.204   ICMP 98 Echo (ping) request  id=0x001c, seq=1051/6916, ttl=64
  560 276.480019   10.0.0.204 → 10.0.0.203   ICMP 98 Echo (ping) reply    id=0x001c, seq=1051/6916, ttl=64 (request in 559)
  561 277.503990   10.0.0.203 → 10.0.0.204   ICMP 98 Echo (ping) request  id=0x001c, seq=1052/7172, ttl=64
  562 277.504027   10.0.0.204 → 10.0.0.203   ICMP 98 Echo (ping) reply    id=0x001c, seq=1052/7172, ttl=64 (request in 561)
  563 278.527994   10.0.0.203 → 10.0.0.204   ICMP 98 Echo (ping) request  id=0x001c, seq=1053/7428, ttl=64
  564 278.528032   10.0.0.204 → 10.0.0.203   ICMP 98 Echo (ping) reply    id=0x001c, seq=1053/7428, ttl=64 (request in 563)
  565 279.552003   10.0.0.203 → 10.0.0.204   ICMP 98 Echo (ping) request  id=0x001c, seq=1054/7684, ttl=64
  566 279.552041   10.0.0.204 → 10.0.0.203   ICMP 98 Echo (ping) reply    id=0x001c, seq=1054/7684, ttl=64 (request in 565)
  567 280.575995   10.0.0.203 → 10.0.0.204   ICMP 98 Echo (ping) request  id=0x001c, seq=1055/7940, ttl=64
  568 280.576033   10.0.0.204 → 10.0.0.203   ICMP 98 Echo (ping) reply    id=0x001c, seq=1055/7940, ttl=64 (request in 567)
  569 281.600000   10.0.0.203 → 10.0.0.204   ICMP 98 Echo (ping) request  id=0x001c, seq=1056/8196, ttl=64
  570 281.600037   10.0.0.204 → 10.0.0.203   ICMP 98 Echo (ping) reply    id=0x001c, seq=1056/8196, ttl=64 (request in 569)
  571 282.623988   10.0.0.203 → 10.0.0.204   ICMP 98 Echo (ping) request  id=0x001c, seq=1057/8452, ttl=64
  572 282.624025   10.0.0.204 → 10.0.0.203   ICMP 98 Echo (ping) reply    id=0x001c, seq=1057/8452, ttl=64 (request in 571)
  573 283.647980   10.0.0.203 → 10.0.0.204   ICMP 98 Echo (ping) request  id=0x001c, seq=1058/8708, ttl=64
  574 283.648018   10.0.0.204 → 10.0.0.203   ICMP 98 Echo (ping) reply    id=0x001c, seq=1058/8708, ttl=64 (request in 573)
  575 284.671989   10.0.0.203 → 10.0.0.204   ICMP 98 Echo (ping) request  id=0x001c, seq=1059/8964, ttl=64
  576 284.672027   10.0.0.204 → 10.0.0.203   ICMP 98 Echo (ping) reply    id=0x001c, seq=1059/8964, ttl=64 (request in 575)
  577 285.695984   10.0.0.203 → 10.0.0.204   ICMP 98 Echo (ping) request  id=0x001c, seq=1060/9220, ttl=64
  578 285.696021   10.0.0.204 → 10.0.0.203   ICMP 98 Echo (ping) reply    id=0x001c, seq=1060/9220, ttl=64 (request in 577)
  579 286.719997   10.0.0.203 → 10.0.0.204   ICMP 98 Echo (ping) request  id=0x001c, seq=1061/9476, ttl=64
  580 286.720034   10.0.0.204 → 10.0.0.203   ICMP 98 Echo (ping) reply    id=0x001c, seq=1061/9476, ttl=64 (request in 579)
  581 287.743989   10.0.0.203 → 10.0.0.204   ICMP 98 Echo (ping) request  id=0x001c, seq=1062/9732, ttl=64
  582 287.744023   10.0.0.204 → 10.0.0.203   ICMP 98 Echo (ping) reply    id=0x001c, seq=1062/9732, ttl=64 (request in 581)
  583 288.767967   10.0.0.203 → 10.0.0.204   ICMP 98 Echo (ping) request  id=0x001c, seq=1063/9988, ttl=64
